id,name,language.code,language.href,syllabic,feature.id,feature.href,category,status.code,status.href,concise.code,concise.href,generic.code,generic.href,location,province.code,province.href,map,relevance,accuracy,latitude,longitude,decision
BACBM,Prince Edward Island,und,https://geogratis.gc.ca/services/geoname/en/codes/language/und,,7202fafcba1f11d892e2080020a0f4c9,https://geogratis.gc.ca/services/geoname/en/features/7202fafcba1f11d892e2080020a0f4c9,P,official,https://geogratis.gc.ca/services/geoname/en/codes/status/official,PROV,https://geogratis.gc.ca/services/geoname/en/codes/concise/PROV,491,https://geogratis.gc.ca/services/geoname/en/codes/generic/491,,11,https://geogratis.gc.ca/services/geoname/en/codes/province/11,MCR77,30000000,100,46.5,-63.0,1898-12-31
KAHUP,Territoire du Yukon,und,https://geogratis.gc.ca/services/geoname/en/codes/language/und,,68b803ebba3611d892e2080020a0f4c9,https://geogratis.gc.ca/services/geoname/en/features/68b803ebba3611d892e2080020a0f4c9,H,previouslyOfficial,https://geogratis.gc.ca/services/geoname/en/codes/status/previouslyOfficial,TERR,https://geogratis.gc.ca/services/geoname/en/codes/concise/TERR,510,https://geogratis.gc.ca/services/geoname/en/codes/generic/510,,60,https://geogratis.gc.ca/services/geoname/en/codes/province/60,105L15,30000000,100,63.0,-135.0,1983-11-23
HAWKP,Saskatchewan,cre,https://geogratis.gc.ca/services/geoname/en/codes/language/cre,,b8df2652bbe011d892e2080020a0f4c9,https://geogratis.gc.ca/services/geoname/en/features/b8df2652bbe011d892e2080020a0f4c9,O,official,https://geogratis.gc.ca/services/geoname/en/codes/status/official,PROV,https://geogratis.gc.ca/services/geoname/en/codes/concise/PROV,491,https://geogratis.gc.ca/services/geoname/en/codes/generic/491,,47,https://geogratis.gc.ca/services/geoname/en/codes/province/47,073J01,30000000,100,54.000051,-106.000496,1905-12-31
EHTWR,Québec,mis,https://geogratis.gc.ca/services/geoname/en/codes/language/mis,,24e21a60be4811d892e2080020a0f4c9,https://geogratis.gc.ca/services/geoname/en/features/24e21a60be4811d892e2080020a0f4c9,O,official,https://geogratis.gc.ca/services/geoname/en/codes/status/official,CITY,https://geogratis.gc.ca/services/geoname/en/codes/concise/CITY,23,https://geogratis.gc.ca/services/geoname/en/codes/generic/23,"Québec; Capitale-Nationale",24,https://geogratis.gc.ca/services/geoname/en/codes/province/24,021L14,30000000,100,46.813819,-71.207997,2002-01-24
EFWCZ,Charlesbourg,und,https://geogratis.gc.ca/services/geoname/en/codes/language/und,,24e21a60be4811d892e2080020a0f4c9,https://geogratis.gc.ca/services/geoname/en/features/24e21a60be4811d892e2080020a0f4c9,H,previouslyOfficial,https://geogratis.gc.ca/services/geoname/en/codes/status/previouslyOfficial,CITY,https://geogratis.gc.ca/services/geoname/en/codes/concise/CITY,23,https://geogratis.gc.ca/services/geoname/en/codes/generic/23,"Québec; Québec",24,https://geogratis.gc.ca/services/geoname/en/codes/province/24,021L14,30000000,100,46.813819,-71.207997,2002-01-24
KAHLF,Yukon Territory,und,https://geogratis.gc.ca/services/geoname/en/codes/language/und,,68b803ebba3611d892e2080020a0f4c9,https://geogratis.gc.ca/services/geoname/en/features/68b803ebba3611d892e2080020a0f4c9,H,previouslyOfficial,https://geogratis.gc.ca/services/geoname/en/codes/status/previouslyOfficial,TERR,https://geogratis.gc.ca/services/geoname/en/codes/concise/TERR,492,https://geogratis.gc.ca/services/geoname/en/codes/generic/492,,60,https://geogratis.gc.ca/services/geoname/en/codes/province/60,105L15,30000000,100,63.0,-135.0,1898-06-13
EITUH,Val-Bélair,und,https://geogratis.gc.ca/services/geoname/en/codes/language/und,,24e21a60be4811d892e2080020a0f4c9,https://geogratis.gc.ca/services/geoname/en/features/24e21a60be4811d892e2080020a0f4c9,H,previouslyOfficial,https://geogratis.gc.ca/services/geoname/en/codes/status/previouslyOfficial,CITY,https://geogratis.gc.ca/services/geoname/en/codes/concise/CITY,23,https://geogratis.gc.ca/services/geoname/en/codes/generic/23,"Québec; Québec",24,https://geogratis.gc.ca/services/geoname/en/codes/province/24,021L14,30000000,100,46.813819,-71.207997,2002-01-24
ABRBH,Newfoundland,und,https://geogratis.gc.ca/services/geoname/en/codes/language/und,,64b474a0ba1f11d892e2080020a0f4c9,https://geogratis.gc.ca/services/geoname/en/features/64b474a0ba1f11d892e2080020a0f4c9,H,previouslyOfficial,https://geogratis.gc.ca/services/geoname/en/codes/status/previouslyOfficial,PROV,https://geogratis.gc.ca/services/geoname/en/codes/concise/PROV,491,https://geogratis.gc.ca/services/geoname/en/codes/generic/491,,10,https://geogratis.gc.ca/services/geoname/en/codes/province/10,MCR77,30000000,100,53.23,-59.999167,2001-12-06
KAHFT,Whitehorse,und,https://geogratis.gc.ca/services/geoname/en/codes/language/und,,0cf79a10849c20c37dcca8291439f697,https://geogratis.gc.ca/services/geoname/en/features/0cf79a10849c20c37dcca8291439f697,O,official,https://geogratis.gc.ca/services/geoname/en/codes/status/official,CITY,https://geogratis.gc.ca/services/geoname/en/codes/concise/CITY,1,https://geogratis.gc.ca/services/geoname/en/codes/generic/1,,60,https://geogratis.gc.ca/services/geoname/en/codes/province/60,105D11,30000000,100,60.7242144,-135.0560981,1948-10-07
FEUZB,Toronto,und,https://geogratis.gc.ca/services/geoname/en/codes/language/und,,0e31fef3d05311d892e2080020a0f4c9,https://geogratis.gc.ca/services/geoname/en/features/0e31fef3d05311d892e2080020a0f4c9,O,official,https://geogratis.gc.ca/services/geoname/en/codes/status/official,CITY,https://geogratis.gc.ca/services/geoname/en/codes/concise/CITY,1,https://geogratis.gc.ca/services/geoname/en/codes/generic/1,"York",35,https://geogratis.gc.ca/services/geoname/en/codes/province/35,030M11,30000000,100,43.7417,-79.3733,1998-01-01
JDAKU,Colombie-Britannique,und,https://geogratis.gc.ca/services/geoname/en/codes/language/und,,43b1b6b3ba3611d892e2080020a0f4c9,https://geogratis.gc.ca/services/geoname/en/features/43b1b6b3ba3611d892e2080020a0f4c9,P,official,https://geogratis.gc.ca/services/geoname/en/codes/status/official,PROV,https://geogratis.gc.ca/services/geoname/en/codes/concise/PROV,491,https://geogratis.gc.ca/services/geoname/en/codes/generic/491,,59,https://geogratis.gc.ca/services/geoname/en/codes/province/59,MCR3,30000000,100,54.0,-125.0,1983-11-23
BAARG,Charlottetown,und,https://geogratis.gc.ca/services/geoname/en/codes/language/und,,7793ebdfd05511d892e2080020a0f4c9,https://geogratis.gc.ca/services/geoname/en/features/7793ebdfd05511d892e2080020a0f4c9,O,official,https://geogratis.gc.ca/services/geoname/en/codes/status/official,CITY,https://geogratis.gc.ca/services/geoname/en/codes/concise/CITY,1,https://geogratis.gc.ca/services/geoname/en/codes/generic/1,"Queens",11,https://geogratis.gc.ca/services/geoname/en/codes/province/11,011L03,30000000,100,46.240278,-63.134722,1996-06-17
IACMP,Edmonton,und,https://geogratis.gc.ca/services/geoname/en/codes/language/und,,8b296095c6be11d892e2080020a0f4c9,https://geogratis.gc.ca/services/geoname/en/features/8b296095c6be11d892e2080020a0f4c9,O,official,https://geogratis.gc.ca/services/geoname/en/codes/status/official,CITY,https://geogratis.gc.ca/services/geoname/en/codes/concise/CITY,1,https://geogratis.gc.ca/services/geoname/en/codes/generic/1,,48,https://geogratis.gc.ca/services/geoname/en/codes/province/48,083H11,30000000,100,53.5344445,-113.4902778,2002-01-01
GBEIN,Winnipeg,cre,https://geogratis.gc.ca/services/geoname/en/codes/language/cre,,c5868fcfbef311d892e2080020a0f4c9,https://geogratis.gc.ca/services/geoname/en/features/c5868fcfbef311d892e2080020a0f4c9,O,official,https://geogratis.gc.ca/services/geoname/en/codes/status/official,CITY,https://geogratis.gc.ca/services/geoname/en/codes/concise/CITY,1,https://geogratis.gc.ca/services/geoname/en/codes/generic/1,,46,https://geogratis.gc.ca/services/geoname/en/codes/province/46,062H14,30000000,100,49.884444,-97.146389,1972-01-01
EFGGK,Québec,und,https://geogratis.gc.ca/services/geoname/en/codes/language/und,,6f733341ba2011d892e2080020a0f4c9,https://geogratis.gc.ca/services/geoname/en/features/6f733341ba2011d892e2080020a0f4c9,P,official,https://geogratis.gc.ca/services/geoname/en/codes/status/official,PROV,https://geogratis.gc.ca/services/geoname/en/codes/concise/PROV,491,https://geogratis.gc.ca/services/geoname/en/codes/generic/491,,24,https://geogratis.gc.ca/services/geoname/en/codes/province/24,033A01,30000000,100,52.0,-72.0,1983-11-23
JBOBQ,Victoria,und,https://geogratis.gc.ca/services/geoname/en/codes/language/und,,0cfb728f849c20c36f8ebf28d7e4d1d4,https://geogratis.gc.ca/services/geoname/en/features/0cfb728f849c20c36f8ebf28d7e4d1d4,O,official,https://geogratis.gc.ca/services/geoname/en/codes/status/official,CITY,https://geogratis.gc.ca/services/geoname/en/codes/concise/CITY,1,https://geogratis.gc.ca/services/geoname/en/codes/generic/1,"Victoria Land District",59,https://geogratis.gc.ca/services/geoname/en/codes/province/59,092B06,30000000,100,48.428333,-123.364722,1934-05-01
GBGYI,Manitoba,cre,https://geogratis.gc.ca/services/geoname/en/codes/language/cre,,b8cef9b1bbe011d892e2080020a0f4c9,https://geogratis.gc.ca/services/geoname/en/features/b8cef9b1bbe011d892e2080020a0f4c9,O,official,https://geogratis.gc.ca/services/geoname/en/codes/status/official,PROV,https://geogratis.gc.ca/services/geoname/en/codes/concise/PROV,491,https://geogratis.gc.ca/services/geoname/en/codes/generic/491,,46,https://geogratis.gc.ca/services/geoname/en/codes/province/46,MCR27,30000000,100,55.0,-97.0,1905-12-31
EQKTO,Lac-Saint-Charles,und,https://geogratis.gc.ca/services/geoname/en/codes/language/und,,24e21a60be4811d892e2080020a0f4c9,https://geogratis.gc.ca/services/geoname/en/features/24e21a60be4811d892e2080020a0f4c9,H,previouslyOfficial,https://geogratis.gc.ca/services/geoname/en/codes/status/previouslyOfficial,CITY,https://geogratis.gc.ca/services/geoname/en/codes/concise/CITY,23,https://geogratis.gc.ca/services/geoname/en/codes/generic/23,"Québec; Québec",24,https://geogratis.gc.ca/services/geoname/en/codes/province/24,021L14,30000000,100,46.813819,-71.207997,2002-01-24
ABRBI,Terre-Neuve,und,https://geogratis.gc.ca/services/geoname/en/codes/language/und,,64b474a0ba1f11d892e2080020a0f4c9,https://geogratis.gc.ca/services/geoname/en/features/64b474a0ba1f11d892e2080020a0f4c9,H,previouslyOfficial,https://geogratis.gc.ca/services/geoname/en/codes/status/previouslyOfficial,PROV,https://geogratis.gc.ca/services/geoname/en/codes/concise/PROV,491,https://geogratis.gc.ca/services/geoname/en/codes/generic/491,,10,https://geogratis.gc.ca/services/geoname/en/codes/province/10,MCR77,30000000,100,53.23,-59.999167,2001-12-06
EPSTH,Saint-Émile,und,https://geogratis.gc.ca/services/geoname/en/codes/language/und,,24e21a60be4811d892e2080020a0f4c9,https://geogratis.gc.ca/services/geoname/en/features/24e21a60be4811d892e2080020a0f4c9,H,previouslyOfficial,https://geogratis.gc.ca/services/geoname/en/codes/status/previouslyOfficial,CITY,https://geogratis.gc.ca/services/geoname/en/codes/concise/CITY,23,https://geogratis.gc.ca/services/geoname/en/codes/generic/23,"Québec; Québec",24,https://geogratis.gc.ca/services/geoname/en/codes/province/24,021L14,30000000,100,46.813819,-71.207997,2002-01-24
OAGBB,Frobisher Bay,und,https://geogratis.gc.ca/services/geoname/en/codes/language/und,,33e24964c6ce11d892e2080020a0f4c9,https://geogratis.gc.ca/services/geoname/en/features/33e24964c6ce11d892e2080020a0f4c9,H,previouslyOfficial,https://geogratis.gc.ca/services/geoname/en/codes/status/previouslyOfficial,TOWN,https://geogratis.gc.ca/services/geoname/en/codes/concise/TOWN,2,https://geogratis.gc.ca/services/geoname/en/codes/generic/2,,62,https://geogratis.gc.ca/services/geoname/en/codes/province/62,025N10,30000000,100,63.75,-68.516667,1987-01-01
IAQFZ,Alberta,und,https://geogratis.gc.ca/services/geoname/en/codes/language/und,,b8ebf793bbe011d892e2080020a0f4c9,https://geogratis.gc.ca/services/geoname/en/features/b8ebf793bbe011d892e2080020a0f4c9,O,official,https://geogratis.gc.ca/services/geoname/en/codes/status/official,PROV,https://geogratis.gc.ca/services/geoname/en/codes/concise/PROV,491,https://geogratis.gc.ca/services/geoname/en/codes/generic/491,,48,https://geogratis.gc.ca/services/geoname/en/codes/province/48,MCR27,30000000,100,54.991667,-114.376667,1905-12-31
FEVNT,Ottawa,und,https://geogratis.gc.ca/services/geoname/en/codes/language/und,,f7365c02d05211d892e2080020a0f4c9,https://geogratis.gc.ca/services/geoname/en/features/f7365c02d05211d892e2080020a0f4c9,O,official,https://geogratis.gc.ca/services/geoname/en/codes/status/official,CITY,https://geogratis.gc.ca/services/geoname/en/codes/concise/CITY,1,https://geogratis.gc.ca/services/geoname/en/codes/generic/1,"Carleton; Russell",35,https://geogratis.gc.ca/services/geoname/en/codes/province/35,031G05,30000000,100,45.33339,-75.58429,2001-01-01
DBBWP,New Brunswick,und,https://geogratis.gc.ca/services/geoname/en/codes/language/und,,7bf1dba0ba1f11d892e2080020a0f4c9,https://geogratis.gc.ca/services/geoname/en/features/7bf1dba0ba1f11d892e2080020a0f4c9,P,official,https://geogratis.gc.ca/services/geoname/en/codes/status/official,PROV,https://geogratis.gc.ca/services/geoname/en/codes/concise/PROV,491,https://geogratis.gc.ca/services/geoname/en/codes/generic/491,,13,https://geogratis.gc.ca/services/geoname/en/codes/province/13,MCR77,30000000,100,46.5,-66.0,1983-11-23
ABEFS,St. John's,und,https://geogratis.gc.ca/services/geoname/en/codes/language/und,,9922f349c6be11d892e2080020a0f4c9,https://geogratis.gc.ca/services/geoname/en/features/9922f349c6be11d892e2080020a0f4c9,O,official,https://geogratis.gc.ca/services/geoname/en/codes/status/official,CITY,https://geogratis.gc.ca/services/geoname/en/codes/concise/CITY,1,https://geogratis.gc.ca/services/geoname/en/codes/generic/1,,10,https://geogratis.gc.ca/services/geoname/en/codes/province/10,001N07,30000000,100,47.482197,-52.797069,1986-01-01
EFGGJ,Quebec,und,https://geogratis.gc.ca/services/geoname/en/codes/language/und,,6f733341ba2011d892e2080020a0f4c9,https://geogratis.gc.ca/services/geoname/en/features/6f733341ba2011d892e2080020a0f4c9,P,official,https://geogratis.gc.ca/services/geoname/en/codes/status/official,PROV,https://geogratis.gc.ca/services/geoname/en/codes/concise/PROV,491,https://geogratis.gc.ca/services/geoname/en/codes/generic/491,,24,https://geogratis.gc.ca/services/geoname/en/codes/province/24,033A01,30000000,100,52.0,-72.0,1983-11-23
CBRQT,Nouvelle-Écosse,und,https://geogratis.gc.ca/services/geoname/en/codes/language/und,,2abcb7c5af4311d892e2080020a0f4c9,https://geogratis.gc.ca/services/geoname/en/features/2abcb7c5af4311d892e2080020a0f4c9,P,official,https://geogratis.gc.ca/services/geoname/en/codes/status/official,PROV,https://geogratis.gc.ca/services/geoname/en/codes/concise/PROV,491,https://geogratis.gc.ca/services/geoname/en/codes/generic/491,,12,https://geogratis.gc.ca/services/geoname/en/codes/province/12,MCR77,30000000,100,45.000075,-62.999327,1983-11-23
LBCFC,Territoires du Nord-Ouest,und,https://geogratis.gc.ca/services/geoname/en/codes/language/und,,7b8b0c45ba3611d892e2080020a0f4c9,https://geogratis.gc.ca/services/geoname/en/features/7b8b0c45ba3611d892e2080020a0f4c9,P,official,https://geogratis.gc.ca/services/geoname/en/codes/status/official,TERR,https://geogratis.gc.ca/services/geoname/en/codes/concise/TERR,510,https://geogratis.gc.ca/services/geoname/en/codes/generic/510,,61,https://geogratis.gc.ca/services/geoname/en/codes/province/61,MCR130,30000000,100,69.500306,-121.502223,1999-04-01
EFLXW,Beauport,und,https://geogratis.gc.ca/services/geoname/en/codes/language/und,,24e21a60be4811d892e2080020a0f4c9,https://geogratis.gc.ca/services/geoname/en/features/24e21a60be4811d892e2080020a0f4c9,H,previouslyOfficial,https://geogratis.gc.ca/services/geoname/en/codes/status/previouslyOfficial,CITY,https://geogratis.gc.ca/services/geoname/en/codes/concise/CITY,23,https://geogratis.gc.ca/services/geoname/en/codes/generic/23,"Québec; Québec",24,https://geogratis.gc.ca/services/geoname/en/codes/province/24,021L14,30000000,100,46.813819,-71.207997,2002-01-24
DBBWQ,Nouveau-Brunswick,und,https://geogratis.gc.ca/services/geoname/en/codes/language/und,,7bf1dba0ba1f11d892e2080020a0f4c9,https://geogratis.gc.ca/services/geoname/en/features/7bf1dba0ba1f11d892e2080020a0f4c9,P,official,https://geogratis.gc.ca/services/geoname/en/codes/status/official,PROV,https://geogratis.gc.ca/services/geoname/en/codes/concise/PROV,491,https://geogratis.gc.ca/services/geoname/en/codes/generic/491,,13,https://geogratis.gc.ca/services/geoname/en/codes/province/13,MCR77,30000000,100,46.5,-66.0,1983-11-23
EJNDN,Sillery,und,https://geogratis.gc.ca/services/geoname/en/codes/language/und,,24e21a60be4811d892e2080020a0f4c9,https://geogratis.gc.ca/services/geoname/en/features/24e21a60be4811d892e2080020a0f4c9,H,previouslyOfficial,https://geogratis.gc.ca/services/geoname/en/codes/status/previouslyOfficial,CITY,https://geogratis.gc.ca/services/geoname/en/codes/concise/CITY,23,https://geogratis.gc.ca/services/geoname/en/codes/generic/23,"Québec; Québec",24,https://geogratis.gc.ca/services/geoname/en/codes/province/24,021L14,30000000,100,46.813819,-71.207997,2002-01-24
OAGAX,Frobisher,und,https://geogratis.gc.ca/services/geoname/en/codes/language/und,,33e24964c6ce11d892e2080020a0f4c9,https://geogratis.gc.ca/services/geoname/en/features/33e24964c6ce11d892e2080020a0f4c9,H,previouslyOfficial,https://geogratis.gc.ca/services/geoname/en/codes/status/previouslyOfficial,UNP,https://geogratis.gc.ca/services/geoname/en/codes/concise/UNP,104,https://geogratis.gc.ca/services/geoname/en/codes/generic/104,,62,https://geogratis.gc.ca/services/geoname/en/codes/province/62,025N10,30000000,100,63.75,-68.516667,1979-03-09
EHZJK,Sainte-Foy,und,https://geogratis.gc.ca/services/geoname/en/codes/language/und,,24e21a60be4811d892e2080020a0f4c9,https://geogratis.gc.ca/services/geoname/en/features/24e21a60be4811d892e2080020a0f4c9,H,previouslyOfficial,https://geogratis.gc.ca/services/geoname/en/codes/status/previouslyOfficial,CITY,https://geogratis.gc.ca/services/geoname/en/codes/concise/CITY,23,https://geogratis.gc.ca/services/geoname/en/codes/generic/23,"Québec; Québec",24,https://geogratis.gc.ca/services/geoname/en/codes/province/24,021L14,30000000,100,46.813819,-71.207997,2002-01-24
EKJCH,Loretteville,und,https://geogratis.gc.ca/services/geoname/en/codes/language/und,,24e21a60be4811d892e2080020a0f4c9,https://geogratis.gc.ca/services/geoname/en/features/24e21a60be4811d892e2080020a0f4c9,H,previouslyOfficial,https://geogratis.gc.ca/services/geoname/en/codes/status/previouslyOfficial,CITY,https://geogratis.gc.ca/services/geoname/en/codes/concise/CITY,23,https://geogratis.gc.ca/services/geoname/en/codes/generic/23,"Québec; Québec",24,https://geogratis.gc.ca/services/geoname/en/codes/province/24,021L14,30000000,100,46.813819,-71.207997,2002-01-24
EKOKV,Cap-Rouge,und,https://geogratis.gc.ca/services/geoname/en/codes/language/und,,24e21a60be4811d892e2080020a0f4c9,https://geogratis.gc.ca/services/geoname/en/features/24e21a60be4811d892e2080020a0f4c9,H,previouslyOfficial,https://geogratis.gc.ca/services/geoname/en/codes/status/previouslyOfficial,CITY,https://geogratis.gc.ca/services/geoname/en/codes/concise/CITY,23,https://geogratis.gc.ca/services/geoname/en/codes/generic/23,"Québec; Québec",24,https://geogratis.gc.ca/services/geoname/en/codes/province/24,021L14,30000000,100,46.813819,-71.207997,2002-01-24
LBCFB,Northwest Territories,und,https://geogratis.gc.ca/services/geoname/en/codes/language/und,,7b8b0c45ba3611d892e2080020a0f4c9,https://geogratis.gc.ca/services/geoname/en/features/7b8b0c45ba3611d892e2080020a0f4c9,P,official,https://geogratis.gc.ca/services/geoname/en/codes/status/official,TERR,https://geogratis.gc.ca/services/geoname/en/codes/concise/TERR,492,https://geogratis.gc.ca/services/geoname/en/codes/generic/492,,61,https://geogratis.gc.ca/services/geoname/en/codes/province/61,MCR130,30000000,100,69.500306,-121.502223,1983-11-23
DAFMJ,Fredericton,und,https://geogratis.gc.ca/services/geoname/en/codes/language/und,,214dbdded05511d892e2080020a0f4c9,https://geogratis.gc.ca/services/geoname/en/features/214dbdded05511d892e2080020a0f4c9,O,official,https://geogratis.gc.ca/services/geoname/en/codes/status/official,CITY,https://geogratis.gc.ca/services/geoname/en/codes/concise/CITY,1,https://geogratis.gc.ca/services/geoname/en/codes/generic/1,"York",13,https://geogratis.gc.ca/services/geoname/en/codes/province/13,021G15,30000000,100,45.945278,-66.666667,1994-02-22
HAIMP,Regina,und,https://geogratis.gc.ca/services/geoname/en/codes/language/und,,0c2c63fa849c20c37a6b935d6eea300f,https://geogratis.gc.ca/services/geoname/en/features/0c2c63fa849c20c37a6b935d6eea300f,O,official,https://geogratis.gc.ca/services/geoname/en/codes/status/official,CITY,https://geogratis.gc.ca/services/geoname/en/codes/concise/CITY,1,https://geogratis.gc.ca/services/geoname/en/codes/generic/1,,47,https://geogratis.gc.ca/services/geoname/en/codes/province/47,072I07,30000000,100,50.4548389,-104.6066083,1947-03-13
LBAMG,Yellowknife,und,https://geogratis.gc.ca/services/geoname/en/codes/language/und,,8a06ef10d05411d892e2080020a0f4c9,https://geogratis.gc.ca/services/geoname/en/features/8a06ef10d05411d892e2080020a0f4c9,O,official,https://geogratis.gc.ca/services/geoname/en/codes/status/official,CITY,https://geogratis.gc.ca/services/geoname/en/codes/concise/CITY,1,https://geogratis.gc.ca/services/geoname/en/codes/generic/1,"Mackenzie",61,https://geogratis.gc.ca/services/geoname/en/codes/province/61,085J08,30000000,100,62.4536,-114.37,1980-05-15
ACPVY,Newfoundland and Labrador,und,https://geogratis.gc.ca/services/geoname/en/codes/language/und,,64b474a0ba1f11d892e2080020a0f4c9,https://geogratis.gc.ca/services/geoname/en/features/64b474a0ba1f11d892e2080020a0f4c9,P,official,https://geogratis.gc.ca/services/geoname/en/codes/status/official,PROV,https://geogratis.gc.ca/services/geoname/en/codes/concise/PROV,491,https://geogratis.gc.ca/services/geoname/en/codes/generic/491,,10,https://geogratis.gc.ca/services/geoname/en/codes/province/10,MCR77,30000000,100,53.23,-59.999167,2001-12-06
FEHRI,Ontario,mis,https://geogratis.gc.ca/services/geoname/en/codes/language/mis,,b8734520bbe011d892e2080020a0f4c9,https://geogratis.gc.ca/services/geoname/en/features/b8734520bbe011d892e2080020a0f4c9,O,official,https://geogratis.gc.ca/services/geoname/en/codes/status/official,PROV,https://geogratis.gc.ca/services/geoname/en/codes/concise/PROV,491,https://geogratis.gc.ca/services/geoname/en/codes/generic/491,,35,https://geogratis.gc.ca/services/geoname/en/codes/province/35,MCR39,30000000,100,49.25,-84.5,1867-07-01
CAPHL,Halifax,und,https://geogratis.gc.ca/services/geoname/en/codes/language/und,,3cdd11afaf6811d892e2080020a0f4c9,https://geogratis.gc.ca/services/geoname/en/features/3cdd11afaf6811d892e2080020a0f4c9,O,official,https://geogratis.gc.ca/services/geoname/en/codes/status/official,UNP,https://geogratis.gc.ca/services/geoname/en/codes/concise/UNP,208,https://geogratis.gc.ca/services/geoname/en/codes/generic/208,"Halifax",12,https://geogratis.gc.ca/services/geoname/en/codes/province/12,011D12,30000000,100,44.647401,-63.590651,1996-04-01
BAEAN,Île-du-Prince-Édouard,und,https://geogratis.gc.ca/services/geoname/en/codes/language/und,,7202fafcba1f11d892e2080020a0f4c9,https://geogratis.gc.ca/services/geoname/en/features/7202fafcba1f11d892e2080020a0f4c9,P,official,https://geogratis.gc.ca/services/geoname/en/codes/status/official,PROV,https://geogratis.gc.ca/services/geoname/en/codes/concise/PROV,491,https://geogratis.gc.ca/services/geoname/en/codes/generic/491,,11,https://geogratis.gc.ca/services/geoname/en/codes/province/11,MCR77,30000000,100,46.5,-63.0,1983-11-23
OATRP,Iqaluit,ike,https://geogratis.gc.ca/services/geoname/en/codes/language/ike,ᐃᖃᓗᐃᑦ,33e24964c6ce11d892e2080020a0f4c9,https://geogratis.gc.ca/services/geoname/en/features/33e24964c6ce11d892e2080020a0f4c9,O,official,https://geogratis.gc.ca/services/geoname/en/codes/status/official,CITY,https://geogratis.gc.ca/services/geoname/en/codes/concise/CITY,1,https://geogratis.gc.ca/services/geoname/en/codes/generic/1,,62,https://geogratis.gc.ca/services/geoname/en/codes/province/62,025N10,30000000,100,63.75,-68.516667,2001-04-19
CBCBY,Nova Scotia,und,https://geogratis.gc.ca/services/geoname/en/codes/language/und,,2abcb7c5af4311d892e2080020a0f4c9,https://geogratis.gc.ca/services/geoname/en/features/2abcb7c5af4311d892e2080020a0f4c9,P,official,https://geogratis.gc.ca/services/geoname/en/codes/status/official,PROV,https://geogratis.gc.ca/services/geoname/en/codes/concise/PROV,491,https://geogratis.gc.ca/services/geoname/en/codes/generic/491,,12,https://geogratis.gc.ca/services/geoname/en/codes/province/12,MCR77,30000000,100,45.000075,-62.999327,1994-02-21
EIKFT,Vanier,und,https://geogratis.gc.ca/services/geoname/en/codes/language/und,,24e21a60be4811d892e2080020a0f4c9,https://geogratis.gc.ca/services/geoname/en/features/24e21a60be4811d892e2080020a0f4c9,H,previouslyOfficial,https://geogratis.gc.ca/services/geoname/en/codes/status/previouslyOfficial,CITY,https://geogratis.gc.ca/services/geoname/en/codes/concise/CITY,23,https://geogratis.gc.ca/services/geoname/en/codes/generic/23,"Québec; Québec",24,https://geogratis.gc.ca/services/geoname/en/codes/province/24,021L14,30000000,100,46.813819,-71.207997,2002-01-24
OAUFQ,Nunavut,ike,https://geogratis.gc.ca/services/geoname/en/codes/language/ike,ᓄᓇᕗᑦ,b8f98c24bbe011d892e2080020a0f4c9,https://geogratis.gc.ca/services/geoname/en/features/b8f98c24bbe011d892e2080020a0f4c9,O,official,https://geogratis.gc.ca/services/geoname/en/codes/status/official,TERR,https://geogratis.gc.ca/services/geoname/en/codes/concise/TERR,492,https://geogratis.gc.ca/services/geoname/en/codes/generic/492,,62,https://geogratis.gc.ca/services/geoname/en/codes/province/62,057E03,30000000,100,70.166667,-90.733333,1999-04-01
JDAKT,British Columbia,und,https://geogratis.gc.ca/services/geoname/en/codes/language/und,,43b1b6b3ba3611d892e2080020a0f4c9,https://geogratis.gc.ca/services/geoname/en/features/43b1b6b3ba3611d892e2080020a0f4c9,P,official,https://geogratis.gc.ca/services/geoname/en/codes/status/official,PROV,https://geogratis.gc.ca/services/geoname/en/codes/concise/PROV,491,https://geogratis.gc.ca/services/geoname/en/codes/generic/491,,59,https://geogratis.gc.ca/services/geoname/en/codes/province/59,MCR3,30000000,100,54.0,-125.0,1958-12-31
ACPVZ,Terre-Neuve-et-Labrador,und,https://geogratis.gc.ca/services/geoname/en/codes/language/und,,64b474a0ba1f11d892e2080020a0f4c9,https://geogratis.gc.ca/services/geoname/en/features/64b474a0ba1f11d892e2080020a0f4c9,P,official,https://geogratis.gc.ca/services/geoname/en/codes/status/official,PROV,https://geogratis.gc.ca/services/geoname/en/codes/concise/PROV,491,https://geogratis.gc.ca/services/geoname/en/codes/generic/491,,10,https://geogratis.gc.ca/services/geoname/en/codes/province/10,MCR77,30000000,100,53.23,-59.999167,2001-12-06
KAIIM,Yukon,gwi,https://geogratis.gc.ca/services/geoname/en/codes/language/gwi,,68b803ebba3611d892e2080020a0f4c9,https://geogratis.gc.ca/services/geoname/en/features/68b803ebba3611d892e2080020a0f4c9,O,official,https://geogratis.gc.ca/services/geoname/en/codes/status/official,TERR,https://geogratis.gc.ca/services/geoname/en/codes/concise/TERR,492,https://geogratis.gc.ca/services/geoname/en/codes/generic/492,,60,https://geogratis.gc.ca/services/geoname/en/codes/province/60,105L15,30000000,100,63.0,-135.0,2003-04-01
FCDJZ,Marathon,und,https://geogratis.gc.ca/services/geoname/en/codes/language/und,,0350165fd05411d892e2080020a0f4c9,https://geogratis.gc.ca/services/geoname/en/features/0350165fd05411d892e2080020a0f4c9,O,official,https://geogratis.gc.ca/services/geoname/en/codes/status/official,UNP,https://geogratis.gc.ca/services/geoname/en/codes/concise/UNP,105,https://geogratis.gc.ca/services/geoname/en/codes/generic/105,"Thunder Bay",35,https://geogratis.gc.ca/services/geoname/en/codes/province/35,042D09,15000000,100,48.71733,-86.38051,1968-07-17
EITUS,York,und,https://geogratis.gc.ca/services/geoname/en/codes/language/und,,76bca836be1711d892e2080020a0f4c9,https://geogratis.gc.ca/services/geoname/en/features/76bca836be1711d892e2080020a0f4c9,H,previouslyOfficial,https://geogratis.gc.ca/services/geoname/en/codes/status/previouslyOfficial,VILG,https://geogratis.gc.ca/services/geoname/en/codes/concise/VILG,14,https://geogratis.gc.ca/services/geoname/en/codes/generic/14,"Gaspé; La Côte-de-Gaspé",24,https://geogratis.gc.ca/services/geoname/en/codes/province/24,022A16,15000000,100,48.824618,-64.476254,1976-06-14
AAVCS,Hamilton River,und,https://geogratis.gc.ca/services/geoname/en/codes/language/und,,1ad8535bc6be11d892e2080020a0f4c9,https://geogratis.gc.ca/services/geoname/en/features/1ad8535bc6be11d892e2080020a0f4c9,H,previouslyOfficial,https://geogratis.gc.ca/services/geoname/en/codes/status/previouslyOfficial,UNP,https://geogratis.gc.ca/services/geoname/en/codes/concise/UNP,113,https://geogratis.gc.ca/services/geoname/en/codes/generic/113,,10,https://geogratis.gc.ca/services/geoname/en/codes/province/10,013F08,15000000,100,53.341739,-60.448803,1954-08-05
EJJJA,Fort-Chimo,und,https://geogratis.gc.ca/services/geoname/en/codes/language/und,,6e756540bf9111d892e2080020a0f4c9,https://geogratis.gc.ca/services/geoname/en/features/6e756540bf9111d892e2080020a0f4c9,H,previouslyOfficial,https://geogratis.gc.ca/services/geoname/en/codes/status/previouslyOfficial,UNP,https://geogratis.gc.ca/services/geoname/en/codes/concise/UNP,174,https://geogratis.gc.ca/services/geoname/en/codes/generic/174,"Kuujjuaq; Kuujjuaq",24,https://geogratis.gc.ca/services/geoname/en/codes/province/24,024K01,15000000,100,58.1,-68.4,1979-02-26
IAFFI,Fort McMurray,und,https://geogratis.gc.ca/services/geoname/en/codes/language/und,,be418633c6cd11d892e2080020a0f4c9,https://geogratis.gc.ca/services/geoname/en/features/be418633c6cd11d892e2080020a0f4c9,O,official,https://geogratis.gc.ca/services/geoname/en/codes/status/official,UNP,https://geogratis.gc.ca/services/geoname/en/codes/concise/UNP,108,https://geogratis.gc.ca/services/geoname/en/codes/generic/108,"89-9-W4",48,https://geogratis.gc.ca/services/geoname/en/codes/province/48,074D11,15000000,100,56.6963889,-111.3608333,1995-04-01
JAFNW,Kamloops,shs,https://geogratis.gc.ca/services/geoname/en/codes/language/shs,,0d082b8c849c20c36ee58e33a2789a23,https://geogratis.gc.ca/services/geoname/en/features/0d082b8c849c20c36ee58e33a2789a23,O,official,https://geogratis.gc.ca/services/geoname/en/codes/status/official,CITY,https://geogratis.gc.ca/services/geoname/en/codes/concise/CITY,1,https://geogratis.gc.ca/services/geoname/en/codes/generic/1,"Kamloops Division Yale Land District",59,https://geogratis.gc.ca/services/geoname/en/codes/province/59,092I09,15000000,100,50.675833,-120.339444,1927-06-07
FDZCP,Sault Ste. Marie,und,https://geogratis.gc.ca/services/geoname/en/codes/language/und,,99735d40c6be11d892e2080020a0f4c9,https://geogratis.gc.ca/services/geoname/en/features/99735d40c6be11d892e2080020a0f4c9,O,official,https://geogratis.gc.ca/services/geoname/en/codes/status/official,CITY,https://geogratis.gc.ca/services/geoname/en/codes/concise/CITY,1,https://geogratis.gc.ca/services/geoname/en/codes/generic/1,"Algoma",35,https://geogratis.gc.ca/services/geoname/en/codes/province/35,041K09,15000000,100,46.558889,-84.346944,1965-01-01
EIDIY,Shipshaw,und,https://geogratis.gc.ca/services/geoname/en/codes/language/und,,0d0a0d04849c20c3be7d900ce5db3cb6,https://geogratis.gc.ca/services/geoname/en/features/0d0a0d04849c20c3be7d900ce5db3cb6,H,previouslyOfficial,https://geogratis.gc.ca/services/geoname/en/codes/status/previouslyOfficial,VILG,https://geogratis.gc.ca/services/geoname/en/codes/concise/VILG,14,https://geogratis.gc.ca/services/geoname/en/codes/generic/14,"Saguenay; Saguenay",24,https://geogratis.gc.ca/services/geoname/en/codes/province/24,022D06,15000000,100,48.428221,-71.062202,2002-06-11
EITTJ,Saint-Maurice,und,https://geogratis.gc.ca/services/geoname/en/codes/language/und,,76bca836be1711d892e2080020a0f4c9,https://geogratis.gc.ca/services/geoname/en/features/76bca836be1711d892e2080020a0f4c9,H,previouslyOfficial,https://geogratis.gc.ca/services/geoname/en/codes/status/previouslyOfficial,VILG,https://geogratis.gc.ca/services/geoname/en/codes/concise/VILG,29,https://geogratis.gc.ca/services/geoname/en/codes/generic/29,"Gaspé; La Côte-de-Gaspé",24,https://geogratis.gc.ca/services/geoname/en/codes/province/24,022A16,15000000,100,48.824618,-64.476254,1976-12-24
OAMLL,Pangnirtung,und,https://geogratis.gc.ca/services/geoname/en/codes/language/und,,4b4f1114d05511d892e2080020a0f4c9,https://geogratis.gc.ca/services/geoname/en/features/4b4f1114d05511d892e2080020a0f4c9,O,official,https://geogratis.gc.ca/services/geoname/en/codes/status/official,HAM,https://geogratis.gc.ca/services/geoname/en/codes/concise/HAM,11,https://geogratis.gc.ca/services/geoname/en/codes/generic/11,,62,https://geogratis.gc.ca/services/geoname/en/codes/province/62,026I04,15000000,100,66.144444,-65.715278,1980-03-12
EKMVY,Moisie,und,https://geogratis.gc.ca/services/geoname/en/codes/language/und,,58a3ff62bf9311d892e2080020a0f4c9,https://geogratis.gc.ca/services/geoname/en/features/58a3ff62bf9311d892e2080020a0f4c9,H,previouslyOfficial,https://geogratis.gc.ca/services/geoname/en/codes/status/previouslyOfficial,CITY,https://geogratis.gc.ca/services/geoname/en/codes/concise/CITY,23,https://geogratis.gc.ca/services/geoname/en/codes/generic/23,"Sept-Îles; Sept-Rivières",24,https://geogratis.gc.ca/services/geoname/en/codes/province/24,022J01,15000000,100,50.209655,-66.38518,2003-02-27
FCTOV,Sudbury,und,https://geogratis.gc.ca/services/geoname/en/codes/language/und,,5e61a68fc6ce11d892e2080020a0f4c9,https://geogratis.gc.ca/services/geoname/en/features/5e61a68fc6ce11d892e2080020a0f4c9,O,official,https://geogratis.gc.ca/services/geoname/en/codes/status/official,UNP,https://geogratis.gc.ca/services/geoname/en/codes/concise/UNP,121,https://geogratis.gc.ca/services/geoname/en/codes/generic/121,"Sudbury",35,https://geogratis.gc.ca/services/geoname/en/codes/province/35,041I07,15000000,100,46.5011111,-80.9775,2001-01-01
EJJIZ,Kuujjuaq,ike,https://geogratis.gc.ca/services/geoname/en/codes/language/ike,,6e756540bf9111d892e2080020a0f4c9,https://geogratis.gc.ca/services/geoname/en/features/6e756540bf9111d892e2080020a0f4c9,O,official,https://geogratis.gc.ca/services/geoname/en/codes/status/official,VILG,https://geogratis.gc.ca/services/geoname/en/codes/concise/VILG,34,https://geogratis.gc.ca/services/geoname/en/codes/generic/34,"Kuujjuaq; Nord-du-Québec",24,https://geogratis.gc.ca/services/geoname/en/codes/province/24,024K01,15000000,100,58.1,-68.4,1979-02-26
IAJVJ,High Level,und,https://geogratis.gc.ca/services/geoname/en/codes/language/und,,9f6d72f0d05411d892e2080020a0f4c9,https://geogratis.gc.ca/services/geoname/en/features/9f6d72f0d05411d892e2080020a0f4c9,O,official,https://geogratis.gc.ca/services/geoname/en/codes/status/official,TOWN,https://geogratis.gc.ca/services/geoname/en/codes/concise/TOWN,2,https://geogratis.gc.ca/services/geoname/en/codes/generic/2,"110-19-W5",48,https://geogratis.gc.ca/services/geoname/en/codes/province/48,084K11,15000000,100,58.5180555,-117.1288889,1995-01-01
EIIKE,Tremblay,und,https://geogratis.gc.ca/services/geoname/en/codes/language/und,,0d0a0d04849c20c3be7d900ce5db3cb6,https://geogratis.gc.ca/services/geoname/en/features/0d0a0d04849c20c3be7d900ce5db3cb6,H,previouslyOfficial,https://geogratis.gc.ca/services/geoname/en/codes/status/previouslyOfficial,VILG,https://geogratis.gc.ca/services/geoname/en/codes/concise/VILG,27,https://geogratis.gc.ca/services/geoname/en/codes/generic/27,"Saguenay; Saguenay",24,https://geogratis.gc.ca/services/geoname/en/codes/province/24,022D06,15000000,100,48.428221,-71.062202,2002-06-11
JAGPB,Fort St. John,und,https://geogratis.gc.ca/services/geoname/en/codes/language/und,,c781b014c6cd11d892e2080020a0f4c9,https://geogratis.gc.ca/services/geoname/en/features/c781b014c6cd11d892e2080020a0f4c9,O,official,https://geogratis.gc.ca/services/geoname/en/codes/status/official,CITY,https://geogratis.gc.ca/services/geoname/en/codes/concise/CITY,1,https://geogratis.gc.ca/services/geoname/en/codes/generic/1,"Peace River Land District",59,https://geogratis.gc.ca/services/geoname/en/codes/province/59,094A02,15000000,100,56.2525,-120.846667,1981-12-15
EHZOV,Sainte-Odile-sur-Rimouski,und,https://geogratis.gc.ca/services/geoname/en/codes/language/und,,58922511bf9311d892e2080020a0f4c9,https://geogratis.gc.ca/services/geoname/en/features/58922511bf9311d892e2080020a0f4c9,H,previouslyOfficial,https://geogratis.gc.ca/services/geoname/en/codes/status/previouslyOfficial,VILG,https://geogratis.gc.ca/services/geoname/en/codes/concise/VILG,29,https://geogratis.gc.ca/services/geoname/en/codes/generic/29,"Rimouski; Rimouski-Neigette",24,https://geogratis.gc.ca/services/geoname/en/codes/province/24,022C07,15000000,100,48.449138,-68.525096,2002-01-24
KACBC,Faro,und,https://geogratis.gc.ca/services/geoname/en/codes/language/und,,0cf761bd849c20c3e57e2b3741dcb836,https://geogratis.gc.ca/services/geoname/en/features/0cf761bd849c20c3e57e2b3741dcb836,O,official,https://geogratis.gc.ca/services/geoname/en/codes/status/official,TOWN,https://geogratis.gc.ca/services/geoname/en/codes/concise/TOWN,2,https://geogratis.gc.ca/services/geoname/en/codes/generic/2,,60,https://geogratis.gc.ca/services/geoname/en/codes/province/60,105K03,15000000,100,62.2263889,-133.3558333,1969-02-27
EJNFQ,Sept-Îles,und,https://geogratis.gc.ca/services/geoname/en/codes/language/und,,58a3ff62bf9311d892e2080020a0f4c9,https://geogratis.gc.ca/services/geoname/en/features/58a3ff62bf9311d892e2080020a0f4c9,O,official,https://geogratis.gc.ca/services/geoname/en/codes/status/official,CITY,https://geogratis.gc.ca/services/geoname/en/codes/concise/CITY,23,https://geogratis.gc.ca/services/geoname/en/codes/generic/23,"Sept-Îles; Sept-Rivières",24,https://geogratis.gc.ca/services/geoname/en/codes/province/24,022J01,15000000,100,50.209655,-66.38518,2003-02-27
EJNDQ,Montréal-Nord,und,https://geogratis.gc.ca/services/geoname/en/codes/language/und,,08b1ec0ebe3d11d892e2080020a0f4c9,https://geogratis.gc.ca/services/geoname/en/features/08b1ec0ebe3d11d892e2080020a0f4c9,H,previouslyOfficial,https://geogratis.gc.ca/services/geoname/en/codes/status/previouslyOfficial,CITY,https://geogratis.gc.ca/services/geoname/en/codes/concise/CITY,23,https://geogratis.gc.ca/services/geoname/en/codes/generic/23,"Montréal; Montréal",24,https://geogratis.gc.ca/services/geoname/en/codes/province/24,031H12,15000000,100,45.508822,-73.554077,2002-01-24
FCWFX,Thunder Bay,und,https://geogratis.gc.ca/services/geoname/en/codes/language/und,,0123dcdfd05311d892e2080020a0f4c9,https://geogratis.gc.ca/services/geoname/en/features/0123dcdfd05311d892e2080020a0f4c9,O,official,https://geogratis.gc.ca/services/geoname/en/codes/status/official,CITY,https://geogratis.gc.ca/services/geoname/en/codes/concise/CITY,1,https://geogratis.gc.ca/services/geoname/en/codes/generic/1,"Thunder Bay",35,https://geogratis.gc.ca/services/geoname/en/codes/province/35,052A06,15000000,100,48.4013889,-89.2677778,1970-01-01
ENRVW,Laterrière,und,https://geogratis.gc.ca/services/geoname/en/codes/language/und,,0d0a0d04849c20c3be7d900ce5db3cb6,https://geogratis.gc.ca/services/geoname/en/features/0d0a0d04849c20c3be7d900ce5db3cb6,H,previouslyOfficial,https://geogratis.gc.ca/services/geoname/en/codes/status/previouslyOfficial,CITY,https://geogratis.gc.ca/services/geoname/en/codes/concise/CITY,23,https://geogratis.gc.ca/services/geoname/en/codes/generic/23,"Saguenay; Saguenay",24,https://geogratis.gc.ca/services/geoname/en/codes/province/24,022D06,15000000,100,48.428221,-71.062202,2002-06-11
EHQLA,Pierrefonds,und,https://geogratis.gc.ca/services/geoname/en/codes/language/und,,08b1ec0ebe3d11d892e2080020a0f4c9,https://geogratis.gc.ca/services/geoname/en/features/08b1ec0ebe3d11d892e2080020a0f4c9,H,previouslyOfficial,https://geogratis.gc.ca/services/geoname/en/codes/status/previouslyOfficial,CITY,https://geogratis.gc.ca/services/geoname/en/codes/concise/CITY,23,https://geogratis.gc.ca/services/geoname/en/codes/generic/23,"Montréal; Montréal",24,https://geogratis.gc.ca/services/geoname/en/codes/province/24,031H12,15000000,100,45.508822,-73.554077,2002-01-24
IAJWU,Hinton,und,https://geogratis.gc.ca/services/geoname/en/codes/language/und,,7cba9672d05511d892e2080020a0f4c9,https://geogratis.gc.ca/services/geoname/en/features/7cba9672d05511d892e2080020a0f4c9,O,official,https://geogratis.gc.ca/services/geoname/en/codes/status/official,TOWN,https://geogratis.gc.ca/services/geoname/en/codes/concise/TOWN,2,https://geogratis.gc.ca/services/geoname/en/codes/generic/2,"51-24,25-W5",48,https://geogratis.gc.ca/services/geoname/en/codes/province/48,083F05,15000000,100,53.4111111,-117.5627778,1995-01-01
OADUG,Coppermine,und,https://geogratis.gc.ca/services/geoname/en/codes/language/und,,183be172d05311d892e2080020a0f4c9,https://geogratis.gc.ca/services/geoname/en/features/183be172d05311d892e2080020a0f4c9,H,previouslyOfficial,https://geogratis.gc.ca/services/geoname/en/codes/status/previouslyOfficial,HAM,https://geogratis.gc.ca/services/geoname/en/codes/concise/HAM,11,https://geogratis.gc.ca/services/geoname/en/codes/generic/11,,62,https://geogratis.gc.ca/services/geoname/en/codes/province/62,086O14,15000000,100,67.826667,-115.09333,1996-01-01
AAHSV,Gander,und,https://geogratis.gc.ca/services/geoname/en/codes/language/und,,e404760dd05311d892e2080020a0f4c9,https://geogratis.gc.ca/services/geoname/en/features/e404760dd05311d892e2080020a0f4c9,O,official,https://geogratis.gc.ca/services/geoname/en/codes/status/official,TOWN,https://geogratis.gc.ca/services/geoname/en/codes/concise/TOWN,2,https://geogratis.gc.ca/services/geoname/en/codes/generic/2,,10,https://geogratis.gc.ca/services/geoname/en/codes/province/10,002D15,15000000,100,48.957189,-54.588561,1996-04-12
EITOY,La Baie,und,https://geogratis.gc.ca/services/geoname/en/codes/language/und,,0d0a0d04849c20c3be7d900ce5db3cb6,https://geogratis.gc.ca/services/geoname/en/features/0d0a0d04849c20c3be7d900ce5db3cb6,H,previouslyOfficial,https://geogratis.gc.ca/services/geoname/en/codes/status/previouslyOfficial,CITY,https://geogratis.gc.ca/services/geoname/en/codes/concise/CITY,23,https://geogratis.gc.ca/services/geoname/en/codes/generic/23,"Saguenay; Saguenay",24,https://geogratis.gc.ca/services/geoname/en/codes/province/24,022D06,15000000,100,48.428221,-71.062202,2002-06-11
EHWAH,Rimouski-Est,und,https://geogratis.gc.ca/services/geoname/en/codes/language/und,,58922511bf9311d892e2080020a0f4c9,https://geogratis.gc.ca/services/geoname/en/features/58922511bf9311d892e2080020a0f4c9,H,previouslyOfficial,https://geogratis.gc.ca/services/geoname/en/codes/status/previouslyOfficial,TOWN,https://geogratis.gc.ca/services/geoname/en/codes/concise/TOWN,30,https://geogratis.gc.ca/services/geoname/en/codes/generic/30,"Rimouski; Rimouski-Neigette",24,https://geogratis.gc.ca/services/geoname/en/codes/province/24,022C07,15000000,100,48.449138,-68.525096,2002-01-24
LALNA,Inuvik,ikt,https://geogratis.gc.ca/services/geoname/en/codes/language/ikt,,938287d9c6cd11d892e2080020a0f4c9,https://geogratis.gc.ca/services/geoname/en/features/938287d9c6cd11d892e2080020a0f4c9,O,official,https://geogratis.gc.ca/services/geoname/en/codes/status/official,TOWN,https://geogratis.gc.ca/services/geoname/en/codes/concise/TOWN,2,https://geogratis.gc.ca/services/geoname/en/codes/generic/2,"Mackenzie",61,https://geogratis.gc.ca/services/geoname/en/codes/province/61,107B07,15000000,100,68.3609,-133.7297,1970-01-01
DBBSR,Parrtown,und,https://geogratis.gc.ca/services/geoname/en/codes/language/und,,93f89999d05511d892e2080020a0f4c9,https://geogratis.gc.ca/services/geoname/en/features/93f89999d05511d892e2080020a0f4c9,H,previouslyOfficial,https://geogratis.gc.ca/services/geoname/en/codes/status/previouslyOfficial,CITY,https://geogratis.gc.ca/services/geoname/en/codes/concise/CITY,1,https://geogratis.gc.ca/services/geoname/en/codes/generic/1,,13,https://geogratis.gc.ca/services/geoname/en/codes/province/13,021G08,15000000,100,45.259167,-66.038889,
OADAD,Cambridge Bay,und,https://geogratis.gc.ca/services/geoname/en/codes/language/und,,3d248269d05511d892e2080020a0f4c9,https://geogratis.gc.ca/services/geoname/en/features/3d248269d05511d892e2080020a0f4c9,O,official,https://geogratis.gc.ca/services/geoname/en/codes/status/official,HAM,https://geogratis.gc.ca/services/geoname/en/codes/concise/HAM,11,https://geogratis.gc.ca/services/geoname/en/codes/generic/11,,62,https://geogratis.gc.ca/services/geoname/en/codes/province/62,077D02,15000000,100,69.113889,-105.05278,1984-04-01
EJIXR,Vassan,und,https://geogratis.gc.ca/services/geoname/en/codes/language/und,,0b6861a6be5411d892e2080020a0f4c9,https://geogratis.gc.ca/services/geoname/en/features/0b6861a6be5411d892e2080020a0f4c9,H,previouslyOfficial,https://geogratis.gc.ca/services/geoname/en/codes/status/previouslyOfficial,VILG,https://geogratis.gc.ca/services/geoname/en/codes/concise/VILG,14,https://geogratis.gc.ca/services/geoname/en/codes/generic/14,"Val-d'Or; La Vallée-de-l'Or",24,https://geogratis.gc.ca/services/geoname/en/codes/province/24,032C04,15000000,100,48.102044,-77.789358,2002-01-24
DAFQX,Bathurst,und,https://geogratis.gc.ca/services/geoname/en/codes/language/und,,0c7a99c7849c20c3230224d43434c8cc,https://geogratis.gc.ca/services/geoname/en/features/0c7a99c7849c20c3230224d43434c8cc,O,official,https://geogratis.gc.ca/services/geoname/en/codes/status/official,CITY,https://geogratis.gc.ca/services/geoname/en/codes/concise/CITY,1,https://geogratis.gc.ca/services/geoname/en/codes/generic/1,"Gloucester",13,https://geogratis.gc.ca/services/geoname/en/codes/province/13,021P12,15000000,100,47.626111,-65.628333,1949-07-07
EHZJN,Sainte-Geneviève,und,https://geogratis.gc.ca/services/geoname/en/codes/language/und,,08b1ec0ebe3d11d892e2080020a0f4c9,https://geogratis.gc.ca/services/geoname/en/features/08b1ec0ebe3d11d892e2080020a0f4c9,H,previouslyOfficial,https://geogratis.gc.ca/services/geoname/en/codes/status/previouslyOfficial,CITY,https://geogratis.gc.ca/services/geoname/en/codes/concise/CITY,23,https://geogratis.gc.ca/services/geoname/en/codes/generic/23,"Montréal; Montréal",24,https://geogratis.gc.ca/services/geoname/en/codes/province/24,031H12,15000000,100,45.508822,-73.554077,2002-01-24
OAHOY,Igloolik,ike,https://geogratis.gc.ca/services/geoname/en/codes/language/ike,,0c730ad3849c20c3ee66ef9911ee83af,https://geogratis.gc.ca/services/geoname/en/features/0c730ad3849c20c3ee66ef9911ee83af,O,official,https://geogratis.gc.ca/services/geoname/en/codes/status/official,HAM,https://geogratis.gc.ca/services/geoname/en/codes/concise/HAM,11,https://geogratis.gc.ca/services/geoname/en/codes/generic/11,,62,https://geogratis.gc.ca/services/geoname/en/codes/province/62,047D07,15000000,100,69.383333,-81.8,1976-04-01
KABPC,Dawson,und,https://geogratis.gc.ca/services/geoname/en/codes/language/und,,26f445dbd05511d892e2080020a0f4c9,https://geogratis.gc.ca/services/geoname/en/features/26f445dbd05511d892e2080020a0f4c9,O,official,https://geogratis.gc.ca/services/geoname/en/codes/status/official,TOWN,https://geogratis.gc.ca/services/geoname/en/codes/concise/TOWN,2,https://geogratis.gc.ca/services/geoname/en/codes/generic/2,,60,https://geogratis.gc.ca/services/geoname/en/codes/province/60,116B03,15000000,100,64.06,-139.431944,1981-03-30
LAILM,Fort Simpson,und,https://geogratis.gc.ca/services/geoname/en/codes/language/und,,409dcaf7d05511d892e2080020a0f4c9,https://geogratis.gc.ca/services/geoname/en/features/409dcaf7d05511d892e2080020a0f4c9,O,official,https://geogratis.gc.ca/services/geoname/en/codes/status/official,VILG,https://geogratis.gc.ca/services/geoname/en/codes/concise/VILG,3,https://geogratis.gc.ca/services/geoname/en/codes/generic/3,"Mackenzie",61,https://geogratis.gc.ca/services/geoname/en/codes/province/61,095H14,15000000,100,61.8609,-121.3527,1980-06-12
FCWMG,Timmins,und,https://geogratis.gc.ca/services/geoname/en/codes/language/und,,9960e012d05511d892e2080020a0f4c9,https://geogratis.gc.ca/services/geoname/en/features/9960e012d05511d892e2080020a0f4c9,O,official,https://geogratis.gc.ca/services/geoname/en/codes/status/official,CITY,https://geogratis.gc.ca/services/geoname/en/codes/concise/CITY,1,https://geogratis.gc.ca/services/geoname/en/codes/generic/1,"Cochrane",35,https://geogratis.gc.ca/services/geoname/en/codes/province/35,042A06,15000000,100,48.47153,-81.33132,1989-05-19
EPUWF,Drummondville,und,https://geogratis.gc.ca/services/geoname/en/codes/language/und,,0cc3c2bb849c20c344ad10d8e995dc97,https://geogratis.gc.ca/services/geoname/en/features/0cc3c2bb849c20c344ad10d8e995dc97,O,official,https://geogratis.gc.ca/services/geoname/en/codes/status/official,CITY,https://geogratis.gc.ca/services/geoname/en/codes/concise/CITY,23,https://geogratis.gc.ca/services/geoname/en/codes/generic/23,"Drummondville; Drummond",24,https://geogratis.gc.ca/services/geoname/en/codes/province/24,031H16,15000000,100,45.880577,-72.484058,2004-08-17
JBTMB,Williams Lake,und,https://geogratis.gc.ca/services/geoname/en/codes/language/und,,771d3535d05511d892e2080020a0f4c9,https://geogratis.gc.ca/services/geoname/en/features/771d3535d05511d892e2080020a0f4c9,O,official,https://geogratis.gc.ca/services/geoname/en/codes/status/official,CITY,https://geogratis.gc.ca/services/geoname/en/codes/concise/CITY,1,https://geogratis.gc.ca/services/geoname/en/codes/generic/1,"Cariboo Land District",59,https://geogratis.gc.ca/services/geoname/en/codes/province/59,093B01,15000000,100,52.129167,-122.14,1994-07-13
OANSI,Rankin Inlet,und,https://geogratis.gc.ca/services/geoname/en/codes/language/und,,087f1bccc6ce11d892e2080020a0f4c9,https://geogratis.gc.ca/services/geoname/en/features/087f1bccc6ce11d892e2080020a0f4c9,O,official,https://geogratis.gc.ca/services/geoname/en/codes/status/official,HAM,https://geogratis.gc.ca/services/geoname/en/codes/concise/HAM,11,https://geogratis.gc.ca/services/geoname/en/codes/generic/11,,62,https://geogratis.gc.ca/services/geoname/en/codes/province/62,055K16,15000000,100,62.816667,-92.083333,1975-01-20
HACAW,Flin Flon,und,https://geogratis.gc.ca/services/geoname/en/codes/language/und,,d3f41f25ba2f11d892e2080020a0f4c9,https://geogratis.gc.ca/services/geoname/en/features/d3f41f25ba2f11d892e2080020a0f4c9,O,official,https://geogratis.gc.ca/services/geoname/en/codes/status/official,UNP,https://geogratis.gc.ca/services/geoname/en/codes/concise/UNP,200,https://geogratis.gc.ca/services/geoname/en/codes/generic/200,,47,https://geogratis.gc.ca/services/geoname/en/codes/province/47,063K13,15000000,100,54.766735,-101.867054,1948-01-06
JAIQY,Cranbrook,und,https://geogratis.gc.ca/services/geoname/en/codes/language/und,,0cfacd9b849c20c33a4df73f8a590c4a,https://geogratis.gc.ca/services/geoname/en/features/0cfacd9b849c20c33a4df73f8a590c4a,O,official,https://geogratis.gc.ca/services/geoname/en/codes/status/official,CITY,https://geogratis.gc.ca/services/geoname/en/codes/concise/CITY,1,https://geogratis.gc.ca/services/geoname/en/codes/generic/1,"Kootenay Land District",59,https://geogratis.gc.ca/services/geoname/en/codes/province/59,082G05,15000000,100,49.508056,-115.746944,1939-12-12
ENRVV,Pointe-au-Père,und,https://geogratis.gc.ca/services/geoname/en/codes/language/und,,58922511bf9311d892e2080020a0f4c9,https://geogratis.gc.ca/services/geoname/en/features/58922511bf9311d892e2080020a0f4c9,H,previouslyOfficial,https://geogratis.gc.ca/services/geoname/en/codes/status/previouslyOfficial,CITY,https://geogratis.gc.ca/services/geoname/en/codes/concise/CITY,23,https://geogratis.gc.ca/services/geoname/en/codes/generic/23,"Rimouski; Rimouski-Neigette",24,https://geogratis.gc.ca/services/geoname/en/codes/province/24,022C07,15000000,100,48.449138,-68.525096,2002-01-24
EIFHY,Sullivan,und,https://geogratis.gc.ca/services/geoname/en/codes/language/und,,0b6861a6be5411d892e2080020a0f4c9,https://geogratis.gc.ca/services/geoname/en/features/0b6861a6be5411d892e2080020a0f4c9,H,previouslyOfficial,https://geogratis.gc.ca/services/geoname/en/codes/status/previouslyOfficial,VILG,https://geogratis.gc.ca/services/geoname/en/codes/concise/VILG,14,https://geogratis.gc.ca/services/geoname/en/codes/generic/14,"Val-d'Or; La Vallée-de-l'Or",24,https://geogratis.gc.ca/services/geoname/en/codes/province/24,032C04,15000000,100,48.102044,-77.789358,2002-01-24
HAFJY,La Ronge,und,https://geogratis.gc.ca/services/geoname/en/codes/language/und,,eefc3b15d05311d892e2080020a0f4c9,https://geogratis.gc.ca/services/geoname/en/features/eefc3b15d05311d892e2080020a0f4c9,O,official,https://geogratis.gc.ca/services/geoname/en/codes/status/official,TOWN,https://geogratis.gc.ca/services/geoname/en/codes/concise/TOWN,2,https://geogratis.gc.ca/services/geoname/en/codes/generic/2,,47,https://geogratis.gc.ca/services/geoname/en/codes/province/47,073P03,15000000,100,55.1178856,-105.290525,1983-10-03
KAEVF,Old Crow,und,https://geogratis.gc.ca/services/geoname/en/codes/language/und,,76393dc1d05511d892e2080020a0f4c9,https://geogratis.gc.ca/services/geoname/en/features/76393dc1d05511d892e2080020a0f4c9,O,official,https://geogratis.gc.ca/services/geoname/en/codes/status/official,UNP,https://geogratis.gc.ca/services/geoname/en/codes/concise/UNP,104,https://geogratis.gc.ca/services/geoname/en/codes/generic/104,,60,https://geogratis.gc.ca/services/geoname/en/codes/province/60,116O12,15000000,100,67.5686111,-139.8352778,1981-10-09
EFIGY,Anjou,und,https://geogratis.gc.ca/services/geoname/en/codes/language/und,,08b1ec0ebe3d11d892e2080020a0f4c9,https://geogratis.gc.ca/services/geoname/en/features/08b1ec0ebe3d11d892e2080020a0f4c9,H,previouslyOfficial,https://geogratis.gc.ca/services/geoname/en/codes/status/previouslyOfficial,CITY,https://geogratis.gc.ca/services/geoname/en/codes/concise/CITY,23,https://geogratis.gc.ca/services/geoname/en/codes/generic/23,"Montréal; Montréal",24,https://geogratis.gc.ca/services/geoname/en/codes/province/24,031H12,15000000,100,45.508822,-73.554077,2002-01-24
EITTI,Saint-Majorique,und,https://geogratis.gc.ca/services/geoname/en/codes/language/und,,76bca836be1711d892e2080020a0f4c9,https://geogratis.gc.ca/services/geoname/en/features/76bca836be1711d892e2080020a0f4c9,H,previouslyOfficial,https://geogratis.gc.ca/services/geoname/en/codes/status/previouslyOfficial,VILG,https://geogratis.gc.ca/services/geoname/en/codes/concise/VILG,14,https://geogratis.gc.ca/services/geoname/en/codes/generic/14,"Gaspé; La Côte-de-Gaspé",24,https://geogratis.gc.ca/services/geoname/en/codes/province/24,022A16,15000000,100,48.824618,-64.476254,1976-12-24
EIAEL,Saint-Joachim-de-Courval,und,https://geogratis.gc.ca/services/geoname/en/codes/language/und,,0cc3c2bb849c20c344ad10d8e995dc97,https://geogratis.gc.ca/services/geoname/en/features/0cc3c2bb849c20c344ad10d8e995dc97,H,previouslyOfficial,https://geogratis.gc.ca/services/geoname/en/codes/status/previouslyOfficial,VILG,https://geogratis.gc.ca/services/geoname/en/codes/concise/VILG,29,https://geogratis.gc.ca/services/geoname/en/codes/generic/29,"Drummondville; Drummond",24,https://geogratis.gc.ca/services/geoname/en/codes/province/24,031H16,15000000,100,45.880577,-72.484058,2004-08-17
